,,,,,,,,
,Fund Name,Fund Code,Stock Code,Previous %,Current %,Change %,Change Points,Status
,QUỸ ĐẦU TƯ CỔ PHIẾU TĂNG TRƯỞNG BALLAD VIỆT NAM,TBLF,HPG,15.76%,0.00%,-15.76%,-15.76,REMOVED
,QUỸ ĐẦU TƯ BẢN VIỆT DISCOVERY,VCAMDF,VCG,10.19%,0.00%,-10.19%,-10.19,REMOVED
,QUỸ ĐẦU TƯ CHỦ ĐỘNG VND,VNDAF,VPB,8.14%,0.00%,-8.14%,-8.14,REMOVED
,QUỸ ĐẦU TƯ NĂNG ĐỘNG LIGHTHOUSE,LHCDF,KBC,5.85%,0.00%,-5.85%,-5.85,REMOVED
,QUỸ ĐẦU TƯ CỔ PHIẾU CỔ TỨC TĂNG TRƯỞNG KIM,KDEF,FPT,5.71%,0.00%,-5.71%,-5.71,REMOVED
,QUỸ ĐẦU TƯ CỔ PHIẾU TĂNG TRƯỞNG BALLAD VIỆT NAM,TBLF,PNJ,9.69%,4.57%,-5.12%,-5.12,CHANGED
,QUỸ ĐẦU TƯ CỔ PHIẾU TRIỂN VỌNG BẢO VIỆT,BVPF,TCB,4.95%,0.00%,-4.95%,-4.95,REMOVED
,QUỸ ĐẦU TƯ CỔ PHIẾU HƯNG THỊNH VINACAPITAL,VEOF,VPB,4.90%,0.00%,-4.90%,-4.9,REMOVED
,QUỸ ĐẦU TƯ GIÁ TRỊ MB CAPITAL,MBVF,VPB,4.84%,0.00%,-4.84%,-4.84,REMOVED
,QUỸ ĐẦU TƯ CỔ PHIẾU UNITED ESG VIỆT NAM,UVEEF,FPT,4.82%,0.00%,-4.82%,-4.82,REMOVED
,QUỸ ĐẦU TƯ TĂNG TRƯỞNG BORDIER - MB FLAGSHIP,BMFF,VPB,4.81%,0.00%,-4.81%,-4.81,REMOVED
,QUỸ ĐẦU TƯ CỔ PHIẾU TRIỂN VỌNG BẢO VIỆT,BVPF,HPG,4.80%,0.00%,-4.80%,-4.8,REMOVED
,QUỸ ĐẦU TƯ LỢI THẾ CẠNH TRANH BỀN VỮNG SSI,SSISCA,FPT,4.77%,0.00%,-4.77%,-4.77,REMOVED
,QUỸ ĐẦU TƯ CỔ PHIẾU TĂNG TRƯỞNG MIRAE ASSET VIỆT NAM,MAGEF,VPB,4.68%,0.00%,-4.68%,-4.68,REMOVED
,QUỸ ĐẦU TƯ CỔ PHIẾU MANULIFE,MAFEQI,VPB,4.67%,0.00%,-4.67%,-4.67,REMOVED
,QUỸ ĐẦU TƯ CỔ PHIẾU TIẾP CẬN THỊ TRƯỜNG VINACAPITAL,VESAF,VPB,4.61%,0.00%,-4.61%,-4.61,REMOVED
,QUỸ ĐẦU TƯ CỔ PHIẾU CỔ TỨC NĂNG ĐỘNG VINACAPITAL,VDEF,PHR,4.53%,0.00%,-4.53%,-4.53,REMOVED
,QUỸ ĐẦU TƯ CỔ PHIẾU CỔ TỨC NĂNG ĐỘNG VINACAPITAL,VDEF,TPB,4.53%,0.00%,-4.53%,-4.53,REMOVED
,QUỸ ĐẦU TƯ CỔ PHIẾU KINH TẾ HIỆN ĐẠI VINACAPITAL,VMPF,VPB,4.44%,0.00%,-4.44%,-4.44,REMOVED
,QUỸ ĐẦU TƯ CỔ PHIẾU UNITED ESG VIỆT NAM,UVEEF,SSI,4.40%,0.00%,-4.40%,-4.4,REMOVED
,QUỸ ĐẦU TƯ NĂNG ĐỘNG LIGHTHOUSE,LHCDF,KDH,4.39%,0.00%,-4.39%,-4.39,REMOVED
,QUỸ ĐẦU TƯ CỔ PHIẾU HƯNG THỊNH VINACAPITAL,VEOF,FPT,4.38%,0.00%,-4.38%,-4.38,REMOVED
,QUỸ ĐẦU TƯ CỔ PHIẾU ESG EASTSPRING INVESTMENTS VIỆT NAM,EVESG,VCB,4.36%,0.00%,-4.36%,-4.36,REMOVED
,QUỸ ĐẦU TƯ LỢI THẾ CẠNH TRANH BỀN VỮNG SSI,SSISCA,REE,4.32%,0.00%,-4.32%,-4.32,REMOVED
,QUỸ ĐẦU TƯ TĂNG TRƯỞNG DFVN,DCAF,CTD,4.28%,0.00%,-4.28%,-4.28,REMOVED
,QUỸ ĐẦU TƯ CỔ PHIẾU TĂNG TRƯỞNG BALLAD VIỆT NAM,TBLF,VCB,4.23%,0.00%,-4.23%,-4.23,REMOVED
,QUỸ ĐẦU TƯ CỔ PHIẾU ESG EASTSPRING INVESTMENTS VIỆT NAM,EVESG,REE,4.21%,0.00%,-4.21%,-4.21,REMOVED
,QUỸ ĐẦU TƯ CỔ PHIẾU TĂNG TRƯỞNG BALLAD VIỆT NAM,TBLF,BID,4.20%,0.00%,-4.20%,-4.2,REMOVED
,QUỸ ĐẦU TƯ CHỨNG KHOÁN NĂNG ĐỘNG DC,VFMVF1,FPT,4.11%,0.00%,-4.11%,-4.11,REMOVED
,QUỸ ĐẦU TƯ CỔ PHIẾU TRIỂN VỌNG BẢO VIỆT,BVPF,HDG,4.10%,0.00%,-4.10%,-4.1,REMOVED
,QUỸ ĐẦU TƯ CỔ PHIẾU CỔ TỨC TĂNG TRƯỞNG KIM,KDEF,PHR,4.06%,0.00%,-4.06%,-4.06,REMOVED
,QUỸ ĐẦU TƯ BẢN VIỆT DISCOVERY,VCAMDF,HVN,8.41%,4.37%,-4.04%,-4.04,CHANGED
,QUỸ ĐẦU TƯ CHỦ ĐỘNG VND,VNDAF,VNM,4.03%,0.00%,-4.03%,-4.03,REMOVED
,QUỸ ĐẦU TƯ CỔ PHIẾU TIẾP CẬN THỊ TRƯỜNG VINACAPITAL,VESAF,FOX,3.99%,0.00%,-3.99%,-3.99,REMOVED
,QUỸ ĐẦU TƯ THỊNH VƯỢNG RỒNG VIỆT,RVPF24,VPB,3.96%,0.00%,-3.96%,-3.96,REMOVED
,QUỸ ĐẦU TƯ TĂNG TRƯỞNG THÀNH CÔNG,TCGF,VCG,3.96%,0.00%,-3.96%,-3.96,REMOVED
,QUỸ ĐẦU TƯ BẢN VIỆT DISCOVERY,VCAMDF,PLC,3.95%,0.00%,-3.95%,-3.95,REMOVED
,QUỸ ĐẦU TƯ CỔ PHIẾU KINH TẾ HIỆN ĐẠI VINACAPITAL,VMPF,ACV,3.94%,0.00%,-3.94%,-3.94,REMOVED
,QUỸ ĐẦU TƯ CỔ PHIẾU TĂNG TRƯỞNG BALLAD VIỆT NAM,TBLF,VNM,3.90%,0.00%,-3.90%,-3.9,REMOVED
,QUỸ ĐẦU TƯ THỊNH VƯỢNG RỒNG VIỆT,RVPF24,CMG,3.73%,0.00%,-3.73%,-3.73,REMOVED
,QUỸ ĐẦU TƯ CHỦ ĐỘNG VND,VNDAF,REE,3.72%,0.00%,-3.72%,-3.72,REMOVED
,QUỸ ĐẦU TƯ CHỦ ĐỘNG VND,VNDAF,FPT,3.71%,0.00%,-3.71%,-3.71,REMOVED
,QUỸ ĐẦU TƯ CỔ PHIẾU NĂNG ĐỘNG BẢO VIỆT,BVFED,BWE,3.66%,0.00%,-3.66%,-3.66,REMOVED
,QUỸ ĐẦU TƯ CHỌN LỌC PHÚ HƯNG VIỆT NAM,PHVSF,FPT,3.65%,0.00%,-3.65%,-3.65,REMOVED
,QUỸ ĐẦU TƯ TĂNG TRƯỞNG DÀI HẠN VIỆT NAM,VLGF,VEA,3.65%,0.00%,-3.65%,-3.65,REMOVED
,QUỸ ĐẦU TƯ CỔ PHIẾU TẬP TRUNG CỔ TỨC DC,VFMVF4,FPT,3.54%,0.00%,-3.54%,-3.54,REMOVED
,QUỸ ĐẦU TƯ CỔ PHIẾU TĂNG TRƯỞNG VCBF,VCBFMGF,PVS,3.54%,0.00%,-3.54%,-3.54,REMOVED
,QUỸ ĐẦU TƯ BẢN VIỆT DISCOVERY,VCAMDF,TNG,3.53%,0.00%,-3.53%,-3.53,REMOVED
,QUỸ ĐẦU TƯ CỔ PHIẾU MANULIFE,MAFEQI,KDH,3.52%,0.00%,-3.52%,-3.52,REMOVED
,QUỸ ĐẦU TƯ TĂNG TRƯỞNG THÀNH CÔNG,TCGF,VRE,3.40%,0.00%,-3.40%,-3.4,REMOVED
,QUỸ ĐẦU TƯ TĂNG TRƯỞNG THÀNH CÔNG,TCGF,STB,3.12%,0.00%,-3.12%,-3.12,REMOVED
,QUỸ ĐẦU TƯ TĂNG TRƯỞNG BORDIER - MB FLAGSHIP,BMFF,PLX,3.01%,0.00%,-3.01%,-3.01,REMOVED
,QUỸ ĐẦU TƯ CHỨNG KHOÁN NĂNG ĐỘNG DC,VFMVF1,MBB,2.97%,0.00%,-2.97%,-2.97,REMOVED
,QUỸ ĐẦU TƯ BẢN VIỆT DISCOVERY,VCAMDF,GEG,2.82%,0.00%,-2.82%,-2.82,REMOVED
,QUỸ ĐẦU TƯ GIÁ TRỊ MB CAPITAL,MBVF,TCB,13.08%,10.45%,-2.63%,-2.63,CHANGED
,QUỸ ĐẦU TƯ CHỦ ĐỘNG VND,VNDAF,MBB,11.44%,8.86%,-2.58%,-2.58,CHANGED
,QUỸ ĐẦU TƯ TĂNG TRƯỞNG DÀI HẠN VIỆT NAM,VLGF,ACB,7.31%,4.73%,-2.58%,-2.58,CHANGED
,QUỸ ĐẦU TƯ CỔ PHIẾU CỔ TỨC NĂNG ĐỘNG VINACAPITAL,VDEF,HPG,7.19%,4.70%,-2.49%,-2.49,CHANGED
,QUỸ ĐẦU TƯ BẢN VIỆT DISCOVERY,VCAMDF,CMG,2.43%,0.00%,-2.43%,-2.43,REMOVED
,QUỸ ĐẦU TƯ CỔ PHIẾU TĂNG TRƯỞNG BALLAD VIỆT NAM,TBLF,TCB,4.27%,1.88%,-2.39%,-2.39,CHANGED
,QUỸ ĐẦU TƯ CỔ PHIẾU TĂNG TRƯỞNG MIRAE ASSET VIỆT NAM,MAGEF,TCB,6.91%,4.65%,-2.26%,-2.26,CHANGED
,QUỸ ĐẦU TƯ CỔ PHIẾU TIẾP CẬN THỊ TRƯỜNG VINACAPITAL,VESAF,TCB,6.09%,3.98%,-2.11%,-2.11,CHANGED
,QUỸ ĐẦU TƯ TĂNG TRƯỞNG BORDIER - MB FLAGSHIP,BMFF,ACB,15.32%,13.50%,-1.82%,-1.82,CHANGED
,QUỸ ĐẦU TƯ TĂNG TRƯỞNG BORDIER - MB FLAGSHIP,BMFF,TCB,9.36%,7.60%,-1.76%,-1.76,CHANGED
,QUỸ ĐẦU TƯ TĂNG TRƯỞNG BORDIER - MB FLAGSHIP,BMFF,VIB,8.33%,6.64%,-1.69%,-1.69,CHANGED
,QUỸ ĐẦU TƯ CỔ PHIẾU KINH TẾ HIỆN ĐẠI VINACAPITAL,VMPF,TCB,5.68%,4.00%,-1.68%,-1.68,CHANGED
,QUỸ ĐẦU TƯ CỔ PHIẾU HƯNG THỊNH VINACAPITAL,VEOF,TCB,5.99%,4.38%,-1.61%,-1.61,CHANGED
,QUỸ ĐẦU TƯ CỔ PHIẾU CỔ TỨC TĂNG TRƯỞNG KIM,KDEF,MWG,5.27%,3.87%,-1.40%,-1.4,CHANGED
,QUỸ ĐẦU TƯ GIÁ TRỊ MB CAPITAL,MBVF,VIB,5.91%,4.59%,-1.32%,-1.32,CHANGED
,QUỸ ĐẦU TƯ TĂNG TRƯỞNG DÀI HẠN VIỆT NAM,VLGF,FPT,11.35%,10.11%,-1.24%,-1.24,CHANGED
,QUỸ ĐẦU TƯ CỔ PHIẾU CỔ TỨC TĂNG TRƯỞNG KIM,KDEF,VPB,10.57%,9.37%,-1.20%,-1.2,CHANGED
,QUỸ ĐẦU TƯ TĂNG TRƯỞNG BORDIER - MB FLAGSHIP,BMFF,HPG,4.62%,3.42%,-1.20%,-1.2,CHANGED
,QUỸ ĐẦU TƯ BẢN VIỆT DISCOVERY,VCAMDF,MIG,3.64%,2.45%,-1.19%,-1.19,CHANGED
,QUỸ ĐẦU TƯ CỔ PHIẾU NĂNG ĐỘNG BẢO VIỆT,BVFED,HPG,10.15%,8.99%,-1.16%,-1.16,CHANGED
,QUỸ ĐẦU TƯ CỔ PHIẾU HƯNG THỊNH VINACAPITAL,VEOF,HPG,7.37%,6.25%,-1.12%,-1.12,CHANGED
,QUỸ ĐẦU TƯ CỔ PHIẾU TRIỂN VỌNG BẢO VIỆT,BVPF,FPT,11.65%,10.61%,-1.04%,-1.04,CHANGED
,QUỸ ĐẦU TƯ CHỌN LỌC PHÚ HƯNG VIỆT NAM,PHVSF,VPB,4.94%,3.93%,-1.01%,-1.01,CHANGED
,QUỸ ĐẦU TƯ TĂNG TRƯỞNG BORDIER - MB FLAGSHIP,BMFF,QNS,4.77%,3.76%,-1.01%,-1.01,CHANGED
,QUỸ ĐẦU TƯ GIÁ TRỊ MB CAPITAL,MBVF,HPG,4.92%,3.91%,-1.01%,-1.01,CHANGED
,QUỸ ĐẦU TƯ CỔ PHIẾU TIẾP CẬN THỊ TRƯỜNG VINACAPITAL,VESAF,DGC,9.83%,8.82%,-1.01%,-1.01,CHANGED
,QUỸ ĐẦU TƯ CỔ PHIẾU HƯNG THỊNH VINACAPITAL,VEOF,CTG,7.67%,6.67%,-1.00%,-1,CHANGED
,QUỸ ĐẦU TƯ CỔ PHIẾU ESG EASTSPRING INVESTMENTS VIỆT NAM,EVESG,FPT,7.87%,6.87%,-1.00%,-1,CHANGED
,QUỸ ĐẦU TƯ CỔ PHIẾU TẬP TRUNG CỔ TỨC DC,VFMVF4,MWG,5.65%,4.66%,-0.99%,-0.99,CHANGED
,QUỸ ĐẦU TƯ TĂNG TRƯỞNG BORDIER - MB FLAGSHIP,BMFF,PNJ,4.12%,3.19%,-0.93%,-0.93,CHANGED
,QUỸ ĐẦU TƯ GIÁ TRỊ MB CAPITAL,MBVF,PLX,3.23%,2.35%,-0.88%,-0.88,CHANGED
,QUỸ ĐẦU TƯ CỔ PHIẾU HÀNG ĐẦU VCBF,VCBFBCF,FPT,7.44%,6.57%,-0.87%,-0.87,CHANGED
,QUỸ ĐẦU TƯ TĂNG TRƯỞNG DFVN,DCAF,FPT,6.39%,5.55%,-0.84%,-0.84,CHANGED
,QUỸ ĐẦU TƯ CỔ PHIẾU UNITED ESG VIỆT NAM,UVEEF,VCB,5.04%,4.21%,-0.83%,-0.83,CHANGED
,QUỸ ĐẦU TƯ CỔ PHIẾU HƯNG THỊNH VINACAPITAL,VEOF,STB,6.66%,5.87%,-0.79%,-0.79,CHANGED
,QUỸ ĐẦU TƯ CHỨNG KHOÁN NĂNG ĐỘNG DC,VFMVF1,CTG,6.25%,5.49%,-0.76%,-0.76,CHANGED
,QUỸ ĐẦU TƯ CỔ PHIẾU CỔ TỨC NĂNG ĐỘNG VINACAPITAL,VDEF,VNM,4.61%,3.86%,-0.75%,-0.75,CHANGED
,QUỸ ĐẦU TƯ LỢI THẾ CẠNH TRANH BỀN VỮNG SSI,SSISCA,STB,4.80%,4.06%,-0.74%,-0.74,CHANGED
,QUỸ ĐẦU TƯ CỔ PHIẾU CỔ TỨC TĂNG TRƯỞNG KIM,KDEF,HPG,4.81%,4.09%,-0.72%,-0.72,CHANGED
,QUỸ ĐẦU TƯ CỔ PHIẾU HƯNG THỊNH VINACAPITAL,VEOF,DXG,5.30%,4.62%,-0.68%,-0.68,CHANGED
,QUỸ ĐẦU TƯ BẢN VIỆT DISCOVERY,VCAMDF,HPG,0.64%,0.00%,-0.64%,-0.64,REMOVED
,QUỸ ĐẦU TƯ TĂNG TRƯỞNG BORDIER - MB FLAGSHIP,BMFF,VEA,2.84%,2.22%,-0.62%,-0.62,CHANGED
,QUỸ ĐẦU TƯ GIA TĂNG GIÁ TRỊ GFM,GFMVIF,VCB,0.57%,0.00%,-0.57%,-0.57,REMOVED
,QUỸ ĐẦU TƯ CỔ PHIẾU CỔ TỨC NĂNG ĐỘNG VINACAPITAL,VDEF,CTG,8.19%,7.64%,-0.55%,-0.55,CHANGED
,QUỸ ĐẦU TƯ GIÁ TRỊ MB CAPITAL,MBVF,ACB,12.95%,12.42%,-0.53%,-0.53,CHANGED
,QUỸ ĐẦU TƯ TĂNG TRƯỞNG DÀI HẠN VIỆT NAM,VLGF,MBB,4.85%,4.34%,-0.51%,-0.51,CHANGED
,QUỸ ĐẦU TƯ CỔ PHIẾU TIẾP CẬN THỊ TRƯỜNG VINACAPITAL,VESAF,VCI,4.05%,3.57%,-0.48%,-0.48,CHANGED
,QUỸ ĐẦU TƯ THU NHẬP CHỦ ĐỘNG VCBF,VCBFAIF,VNM,4.73%,4.29%,-0.44%,-0.44,CHANGED
,QUỸ ĐẦU TƯ THU NHẬP CHỦ ĐỘNG VCBF,VCBFAIF,FPT,4.34%,3.90%,-0.44%,-0.44,CHANGED
,QUỸ ĐẦU TƯ CỔ PHIẾU UNITED ESG VIỆT NAM,UVEEF,TCB,6.61%,6.18%,-0.43%,-0.43,CHANGED
,QUỸ ĐẦU TƯ GIA TĂNG GIÁ TRỊ GFM,GFMVIF,CTG,0.43%,0.00%,-0.43%,-0.43,REMOVED
,QUỸ ĐẦU TƯ CỔ PHIẾU TẬP TRUNG CỔ TỨC DC,VFMVF4,CTG,6.03%,5.62%,-0.41%,-0.41,CHANGED
,QUỸ ĐẦU TƯ CỔ PHIẾU TĂNG TRƯỞNG MIRAE ASSET VIỆT NAM,MAGEF,HPG,8.84%,8.44%,-0.40%,-0.4,CHANGED
,QUỸ ĐẦU TƯ CỔ PHIẾU CỔ TỨC NĂNG ĐỘNG VINACAPITAL,VDEF,REE,4.28%,3.88%,-0.40%,-0.4,CHANGED
,QUỸ ĐẦU TƯ CỔ PHIẾU HÀNG ĐẦU VCBF,VCBFBCF,BWE,4.06%,3.67%,-0.39%,-0.39,CHANGED
,QUỸ ĐẦU TƯ TĂNG TRƯỞNG BORDIER - MB FLAGSHIP,BMFF,PVT,4.97%,4.58%,-0.39%,-0.39,CHANGED
,QUỸ ĐẦU TƯ CỔ PHIẾU TIẾP CẬN THỊ TRƯỜNG VINACAPITAL,VESAF,MWG,4.56%,4.18%,-0.38%,-0.38,CHANGED
,QUỸ ĐẦU TƯ CỔ PHIẾU MANULIFE,MAFEQI,FPT,5.49%,5.12%,-0.37%,-0.37,CHANGED
,QUỸ ĐẦU TƯ CỔ PHIẾU TĂNG TRƯỞNG BALLAD VIỆT NAM,TBLF,SIP,4.44%,4.07%,-0.37%,-0.37,CHANGED
,QUỸ ĐẦU TƯ GIA TĂNG GIÁ TRỊ GFM,GFMVIF,BID,0.36%,0.00%,-0.36%,-0.36,REMOVED
,QUỸ ĐẦU TƯ CHỦ ĐỘNG VND,VNDAF,PVS,4.63%,4.28%,-0.35%,-0.35,CHANGED
,QUỸ ĐẦU TƯ CỔ PHIẾU TIẾP CẬN THỊ TRƯỜNG VINACAPITAL,VESAF,FPT,4.19%,3.85%,-0.34%,-0.34,CHANGED
,QUỸ ĐẦU TƯ TĂNG TRƯỞNG DFVN,DCAF,TCB,4.87%,4.53%,-0.34%,-0.34,CHANGED
,QUỸ ĐẦU TƯ TĂNG TRƯỞNG THÀNH CÔNG,TCGF,BMP,4.00%,3.66%,-0.34%,-0.34,CHANGED
,QUỸ ĐẦU TƯ GIA TĂNG GIÁ TRỊ GFM,GFMVIF,TCB,0.32%,0.00%,-0.32%,-0.32,REMOVED
,QUỸ ĐẦU TƯ CỔ PHIẾU NĂNG ĐỘNG BẢO VIỆT,BVFED,TCB,4.64%,4.34%,-0.30%,-0.3,CHANGED
,QUỸ ĐẦU TƯ CỔ PHIẾU TĂNG TRƯỞNG MIRAE ASSET VIỆT NAM,MAGEF,CTG,8.58%,8.31%,-0.27%,-0.27,CHANGED
,QUỸ ĐẦU TƯ CỔ PHIẾU TRIỂN VỌNG BẢO VIỆT,BVPF,QTP,7.07%,6.80%,-0.27%,-0.27,CHANGED
,QUỸ ĐẦU TƯ GIA TĂNG GIÁ TRỊ GFM,GFMVIF,MBB,0.26%,0.00%,-0.26%,-0.26,REMOVED
,QUỸ ĐẦU TƯ CỔ PHIẾU TĂNG TRƯỞNG VCBF,VCBFMGF,BWE,5.18%,4.92%,-0.26%,-0.26,CHANGED
,QUỸ ĐẦU TƯ THU NHẬP CHỦ ĐỘNG VCBF,VCBFAIF,BWE,3.30%,3.05%,-0.25%,-0.25,CHANGED
,QUỸ ĐẦU TƯ GIA TĂNG GIÁ TRỊ GFM,GFMVIF,ACB,0.25%,0.00%,-0.25%,-0.25,REMOVED
,QUỸ ĐẦU TƯ CỔ PHIẾU KINH TẾ HIỆN ĐẠI VINACAPITAL,VMPF,DGC,4.76%,4.51%,-0.25%,-0.25,CHANGED
,QUỸ ĐẦU TƯ GIÁ TRỊ MB CAPITAL,MBVF,QNS,3.43%,3.19%,-0.24%,-0.24,CHANGED
,QUỸ ĐẦU TƯ GIÁ TRỊ MB CAPITAL,MBVF,QTP,4.61%,4.38%,-0.23%,-0.23,CHANGED
,QUỸ ĐẦU TƯ CHỨNG KHOÁN NĂNG ĐỘNG DC,VFMVF1,STB,5.31%,5.08%,-0.23%,-0.23,CHANGED
,QUỸ ĐẦU TƯ CỔ PHIẾU NĂNG ĐỘNG BẢO VIỆT,BVFED,CTG,3.41%,3.19%,-0.22%,-0.22,CHANGED
,QUỸ ĐẦU TƯ CHỦ ĐỘNG VND,VNDAF,PNJ,4.31%,4.09%,-0.22%,-0.22,CHANGED
,QUỸ ĐẦU TƯ THU NHẬP CHỦ ĐỘNG VCBF,VCBFAIF,PNJ,3.26%,3.04%,-0.22%,-0.22,CHANGED
,QUỸ ĐẦU TƯ CHỨNG KHOÁN NĂNG ĐỘNG DC,VFMVF1,VHM,5.24%,5.04%,-0.20%,-0.2,CHANGED
,QUỸ ĐẦU TƯ THỊNH VƯỢNG RỒNG VIỆT,RVPF24,KBC,6.70%,6.50%,-0.20%,-0.2,CHANGED
,QUỸ ĐẦU TƯ CỔ PHIẾU TĂNG TRƯỞNG VCBF,VCBFMGF,PNJ,5.23%,5.04%,-0.19%,-0.19,CHANGED
,QUỸ ĐẦU TƯ LỢI THẾ CẠNH TRANH BỀN VỮNG SSI,SSISCA,ACB,4.69%,4.51%,-0.18%,-0.18,CHANGED
,QUỸ ĐẦU TƯ CỔ PHIẾU TĂNG TRƯỞNG MIRAE ASSET VIỆT NAM,MAGEF,STB,4.65%,4.49%,-0.16%,-0.16,CHANGED
,QUỸ ĐẦU TƯ CỔ PHIẾU TIẾP CẬN THỊ TRƯỜNG VINACAPITAL,VESAF,BVH,5.24%,5.08%,-0.16%,-0.16,CHANGED
,QUỸ ĐẦU TƯ CỔ PHIẾU CỔ TỨC TĂNG TRƯỞNG KIM,KDEF,SSI,4.34%,4.18%,-0.16%,-0.16,CHANGED
,QUỸ ĐẦU TƯ CỔ PHIẾU TĂNG TRƯỞNG VCBF,VCBFMGF,FPT,5.52%,5.36%,-0.16%,-0.16,CHANGED
,QUỸ ĐẦU TƯ CỔ PHIẾU TẬP TRUNG CỔ TỨC DC,VFMVF4,STB,5.56%,5.42%,-0.14%,-0.14,CHANGED
,QUỸ ĐẦU TƯ CỔ PHIẾU UNITED ESG VIỆT NAM,UVEEF,STB,4.62%,4.48%,-0.14%,-0.14,CHANGED
,QUỸ ĐẦU TƯ TĂNG TRƯỞNG THÀNH CÔNG,TCGF,HPG,9.35%,9.21%,-0.14%,-0.14,CHANGED
,QUỸ ĐẦU TƯ GIÁ TRỊ MB CAPITAL,MBVF,CTG,4.09%,3.96%,-0.13%,-0.13,CHANGED
,QUỸ ĐẦU TƯ CỔ PHIẾU KINH TẾ HIỆN ĐẠI VINACAPITAL,VMPF,FPT,4.42%,4.29%,-0.13%,-0.13,CHANGED
,QUỸ ĐẦU TƯ CỔ PHIẾU HÀNG ĐẦU VCBF,VCBFBCF,PNJ,3.98%,3.86%,-0.12%,-0.12,CHANGED
,QUỸ ĐẦU TƯ CỔ PHIẾU UNITED ESG VIỆT NAM,UVEEF,MBB,5.94%,5.82%,-0.12%,-0.12,CHANGED
,QUỸ ĐẦU TƯ TĂNG TRƯỞNG DÀI HẠN VIỆT NAM,VLGF,CTG,4.69%,4.57%,-0.12%,-0.12,CHANGED
,QUỸ ĐẦU TƯ CHỨNG KHOÁN NĂNG ĐỘNG DC,VFMVF1,HPG,3.70%,3.59%,-0.11%,-0.11,CHANGED
,QUỸ ĐẦU TƯ TĂNG TRƯỞNG DFVN,DCAF,HPG,4.45%,4.35%,-0.10%,-0.1,CHANGED
,QUỸ ĐẦU TƯ TĂNG TRƯỞNG DÀI HẠN VIỆT NAM,VLGF,KDH,4.72%,4.62%,-0.10%,-0.1,CHANGED
,QUỸ ĐẦU TƯ CỔ PHIẾU TRIỂN VỌNG BẢO VIỆT,BVPF,ND2,4.15%,4.06%,-0.09%,-0.09,CHANGED
,QUỸ ĐẦU TƯ LỢI THẾ CẠNH TRANH BỀN VỮNG SSI,SSISCA,VCB,4.64%,4.55%,-0.09%,-0.09,CHANGED
,QUỸ ĐẦU TƯ THỊNH VƯỢNG RỒNG VIỆT,RVPF24,HPG,5.05%,4.96%,-0.09%,-0.09,CHANGED
,QUỸ ĐẦU TƯ CỔ PHIẾU KINH TẾ HIỆN ĐẠI VINACAPITAL,VMPF,CTG,4.40%,4.33%,-0.07%,-0.07,CHANGED
,QUỸ ĐẦU TƯ CỔ PHIẾU CỔ TỨC TĂNG TRƯỞNG KIM,KDEF,MBB,4.75%,4.68%,-0.07%,-0.07,CHANGED
,QUỸ ĐẦU TƯ LỢI THẾ CẠNH TRANH BỀN VỮNG SSI,SSISCA,TCB,7.30%,7.23%,-0.07%,-0.07,CHANGED
,QUỸ ĐẦU TƯ NĂNG ĐỘNG LIGHTHOUSE,LHCDF,HPG,3.56%,3.51%,-0.05%,-0.05,CHANGED
,QUỸ ĐẦU TƯ CỔ PHIẾU ESG EASTSPRING INVESTMENTS VIỆT NAM,EVESG,MBB,4.64%,4.59%,-0.05%,-0.05,CHANGED
,QUỸ ĐẦU TƯ TĂNG TRƯỞNG DFVN,DCAF,CTG,4.52%,4.48%,-0.04%,-0.04,CHANGED
,QUỸ ĐẦU TƯ CỔ PHIẾU TIẾP CẬN THỊ TRƯỜNG VINACAPITAL,VESAF,CTG,3.99%,3.96%,-0.03%,-0.03,CHANGED
,QUỸ ĐẦU TƯ CỔ PHIẾU KINH TẾ HIỆN ĐẠI VINACAPITAL,VMPF,ACB,4.32%,4.29%,-0.03%,-0.03,CHANGED
,QUỸ ĐẦU TƯ CỔ PHIẾU ESG EASTSPRING INVESTMENTS VIỆT NAM,EVESG,STB,4.62%,4.59%,-0.03%,-0.03,CHANGED
,QUỸ ĐẦU TƯ CỔ PHIẾU ESG EASTSPRING INVESTMENTS VIỆT NAM,EVESG,HPG,7.27%,7.24%,-0.03%,-0.03,CHANGED
,QUỸ ĐẦU TƯ CỔ PHIẾU HÀNG ĐẦU VCBF,VCBFBCF,HPG,5.79%,5.77%,-0.02%,-0.02,CHANGED
,QUỸ ĐẦU TƯ CỔ PHIẾU TIẾP CẬN THỊ TRƯỜNG VINACAPITAL,VESAF,MBB,14.79%,14.77%,-0.02%,-0.02,CHANGED
,QUỸ ĐẦU TƯ CHỌN LỌC PHÚ HƯNG VIỆT NAM,PHVSF,HPG,4.12%,4.11%,-0.01%,-0.01,CHANGED
,QUỸ ĐẦU TƯ CỔ PHIẾU NĂNG ĐỘNG BẢO VIỆT,BVFED,SHB,4.20%,4.22%,0.02%,0.02,CHANGED
,QUỸ ĐẦU TƯ CỔ PHIẾU HÀNG ĐẦU VCBF,VCBFBCF,STB,5.95%,5.98%,0.03%,0.03,CHANGED
,QUỸ ĐẦU TƯ CHỌN LỌC PHÚ HƯNG VIỆT NAM,PHVSF,STB,4.13%,4.16%,0.03%,0.03,CHANGED
,QUỸ ĐẦU TƯ TĂNG TRƯỞNG DFVN,DCAF,BID,4.47%,4.50%,0.03%,0.03,CHANGED
,QUỸ ĐẦU TƯ THỊNH VƯỢNG RỒNG VIỆT,RVPF24,BID,4.41%,4.45%,0.04%,0.04,CHANGED
,QUỸ ĐẦU TƯ CHỌN LỌC PHÚ HƯNG VIỆT NAM,PHVSF,CTG,3.97%,4.02%,0.05%,0.05,CHANGED
,QUỸ ĐẦU TƯ CỔ PHIẾU NĂNG ĐỘNG BẢO VIỆT,BVFED,HDB,3.54%,3.59%,0.05%,0.05,CHANGED
,QUỸ ĐẦU TƯ CỔ PHIẾU HÀNG ĐẦU VCBF,VCBFBCF,CTG,5.21%,5.26%,0.05%,0.05,CHANGED
,QUỸ ĐẦU TƯ CHỨNG KHOÁN NĂNG ĐỘNG DC,VFMVF1,TCB,4.97%,5.03%,0.06%,0.06,CHANGED
,QUỸ ĐẦU TƯ TĂNG TRƯỞNG DÀI HẠN VIỆT NAM,VLGF,PNJ,4.59%,4.65%,0.06%,0.06,CHANGED
,QUỸ ĐẦU TƯ LỢI THẾ CẠNH TRANH BỀN VỮNG SSI,SSISCA,HPG,6.12%,6.19%,0.07%,0.07,CHANGED
,QUỸ ĐẦU TƯ TĂNG TRƯỞNG DFVN,DCAF,VCB,5.95%,6.03%,0.08%,0.08,CHANGED
,QUỸ ĐẦU TƯ THỊNH VƯỢNG RỒNG VIỆT,RVPF24,MSN,3.89%,3.97%,0.08%,0.08,CHANGED
,QUỸ ĐẦU TƯ CỔ PHIẾU NĂNG ĐỘNG BẢO VIỆT,BVFED,ACB,5.54%,5.62%,0.08%,0.08,CHANGED
,QUỸ ĐẦU TƯ TĂNG TRƯỞNG THÀNH CÔNG,TCGF,EIB,3.75%,3.84%,0.09%,0.09,CHANGED
,QUỸ ĐẦU TƯ CỔ PHIẾU TĂNG TRƯỞNG BALLAD VIỆT NAM,TBLF,FMC,4.42%,4.51%,0.09%,0.09,CHANGED
,QUỸ ĐẦU TƯ THU NHẬP CHỦ ĐỘNG VCBF,VCBFAIF,STB,3.89%,3.99%,0.10%,0.1,CHANGED
,QUỸ ĐẦU TƯ TĂNG TRƯỞNG THÀNH CÔNG,TCGF,TCB,4.25%,4.36%,0.11%,0.11,CHANGED
,QUỸ ĐẦU TƯ CỔ PHIẾU TĂNG TRƯỞNG VCBF,VCBFMGF,NLG,3.32%,3.43%,0.11%,0.11,CHANGED
,QUỸ ĐẦU TƯ NĂNG ĐỘNG LIGHTHOUSE,LHCDF,TNG,3.48%,3.59%,0.11%,0.11,CHANGED
,QUỸ ĐẦU TƯ CỔ PHIẾU HƯNG THỊNH VINACAPITAL,VEOF,VIB,4.40%,4.52%,0.12%,0.12,CHANGED
,QUỸ ĐẦU TƯ THỊNH VƯỢNG RỒNG VIỆT,RVPF24,VIB,3.39%,3.52%,0.13%,0.13,CHANGED
,QUỸ ĐẦU TƯ CỔ PHIẾU CỔ TỨC TĂNG TRƯỞNG KIM,KDEF,ACB,3.87%,4.02%,0.15%,0.15,CHANGED
,QUỸ ĐẦU TƯ CỔ PHIẾU TĂNG TRƯỞNG MIRAE ASSET VIỆT NAM,MAGEF,MWG,4.35%,4.50%,0.15%,0.15,CHANGED
,QUỸ ĐẦU TƯ CỔ PHIẾU TĂNG TRƯỞNG BALLAD VIỆT NAM,TBLF,TLG,4.26%,4.41%,0.15%,0.15,CHANGED
,QUỸ ĐẦU TƯ CHỦ ĐỘNG VND,VNDAF,HPG,4.83%,4.98%,0.15%,0.15,CHANGED
,QUỸ ĐẦU TƯ TĂNG TRƯỞNG DÀI HẠN VIỆT NAM,VLGF,VCB,4.58%,4.75%,0.17%,0.17,CHANGED
,QUỸ ĐẦU TƯ TĂNG TRƯỞNG THÀNH CÔNG,TCGF,VND,3.78%,3.95%,0.17%,0.17,CHANGED
,QUỸ ĐẦU TƯ NĂNG ĐỘNG LIGHTHOUSE,LHCDF,GSP,3.28%,3.46%,0.18%,0.18,CHANGED
,QUỸ ĐẦU TƯ CỔ PHIẾU TĂNG TRƯỞNG VCBF,VCBFMGF,STB,7.26%,7.44%,0.18%,0.18,CHANGED
,QUỸ ĐẦU TƯ CỔ PHIẾU HÀNG ĐẦU VCBF,VCBFBCF,TCB,3.69%,3.88%,0.19%,0.19,CHANGED
,QUỸ ĐẦU TƯ CỔ PHIẾU NĂNG ĐỘNG BẢO VIỆT,BVFED,LPB,3.55%,3.75%,0.20%,0.2,CHANGED
,QUỸ ĐẦU TƯ CỔ PHIẾU TĂNG TRƯỞNG MIRAE ASSET VIỆT NAM,MAGEF,ACB,4.26%,4.46%,0.20%,0.2,CHANGED
,QUỸ ĐẦU TƯ CỔ PHIẾU TẬP TRUNG CỔ TỨC DC,VFMVF4,HPG,3.47%,3.68%,0.21%,0.21,CHANGED
,QUỸ ĐẦU TƯ CỔ PHIẾU TRIỂN VỌNG BẢO VIỆT,BVPF,CTG,4.96%,5.17%,0.21%,0.21,CHANGED
,QUỸ ĐẦU TƯ CỔ PHIẾU TRIỂN VỌNG BẢO VIỆT,BVPF,IJC,4.29%,4.50%,0.21%,0.21,CHANGED
,QUỸ ĐẦU TƯ THU NHẬP CHỦ ĐỘNG VCBF,VCBFAIF,TCB,2.87%,3.08%,0.21%,0.21,CHANGED
,QUỸ ĐẦU TƯ CỔ PHIẾU MANULIFE,MAFEQI,VHM,4.20%,4.43%,0.23%,0.23,CHANGED
,QUỸ ĐẦU TƯ CHỌN LỌC PHÚ HƯNG VIỆT NAM,PHVSF,TCB,4.33%,4.56%,0.23%,0.23,CHANGED
,QUỸ ĐẦU TƯ CỔ PHIẾU ESG EASTSPRING INVESTMENTS VIỆT NAM,EVESG,TCB,5.58%,5.81%,0.23%,0.23,CHANGED
,QUỸ ĐẦU TƯ NĂNG ĐỘNG LIGHTHOUSE,LHCDF,SAB,3.65%,3.88%,0.23%,0.23,CHANGED
,QUỸ ĐẦU TƯ CỔ PHIẾU KINH TẾ HIỆN ĐẠI VINACAPITAL,VMPF,MBB,8.66%,8.89%,0.23%,0.23,CHANGED
,QUỸ ĐẦU TƯ LỢI THẾ CẠNH TRANH BỀN VỮNG SSI,SSISCA,CTG,7.10%,7.35%,0.25%,0.25,CHANGED
,QUỸ ĐẦU TƯ CHỦ ĐỘNG VND,VNDAF,VCB,3.86%,4.11%,0.25%,0.25,CHANGED
,QUỸ ĐẦU TƯ CHỨNG KHOÁN NĂNG ĐỘNG DC,VFMVF1,MWG,5.38%,5.65%,0.27%,0.27,CHANGED
,QUỸ ĐẦU TƯ CỔ PHIẾU ESG EASTSPRING INVESTMENTS VIỆT NAM,EVESG,CTG,9.05%,9.33%,0.28%,0.28,CHANGED
,QUỸ ĐẦU TƯ CỔ PHIẾU NĂNG ĐỘNG BẢO VIỆT,BVFED,MBB,3.88%,4.16%,0.28%,0.28,CHANGED
,QUỸ ĐẦU TƯ CỔ PHIẾU HƯNG THỊNH VINACAPITAL,VEOF,MWG,5.41%,5.70%,0.29%,0.29,CHANGED
,QUỸ ĐẦU TƯ CỔ PHIẾU ESG EASTSPRING INVESTMENTS VIỆT NAM,EVESG,KDH,4.29%,4.58%,0.29%,0.29,CHANGED
,QUỸ ĐẦU TƯ CỔ PHIẾU TẬP TRUNG CỔ TỨC DC,VFMVF4,MBB,3.82%,4.12%,0.30%,0.3,CHANGED
,QUỸ ĐẦU TƯ CỔ PHIẾU TĂNG TRƯỞNG VCBF,VCBFMGF,VIB,3.32%,3.63%,0.31%,0.31,CHANGED
,QUỸ ĐẦU TƯ LỢI THẾ CẠNH TRANH BỀN VỮNG SSI,SSISCA,MBB,8.73%,9.05%,0.32%,0.32,CHANGED
,QUỸ ĐẦU TƯ CỔ PHIẾU TĂNG TRƯỞNG MIRAE ASSET VIỆT NAM,MAGEF,FUEKIVFS,4.96%,5.31%,0.35%,0.35,CHANGED
,QUỸ ĐẦU TƯ CỔ PHIẾU HÀNG ĐẦU VCBF,VCBFBCF,ACB,3.99%,4.36%,0.37%,0.37,CHANGED
,QUỸ ĐẦU TƯ CỔ PHIẾU UNITED ESG VIỆT NAM,UVEEF,VHM,4.31%,4.68%,0.37%,0.37,CHANGED
,QUỸ ĐẦU TƯ CỔ PHIẾU HÀNG ĐẦU VCBF,VCBFBCF,MWG,5.12%,5.53%,0.41%,0.41,CHANGED
,QUỸ ĐẦU TƯ CHỌN LỌC PHÚ HƯNG VIỆT NAM,PHVSF,ACB,4.42%,4.83%,0.41%,0.41,CHANGED
,QUỸ ĐẦU TƯ GIÁ TRỊ MB CAPITAL,MBVF,PVT,3.39%,3.86%,0.47%,0.47,CHANGED
,QUỸ ĐẦU TƯ NĂNG ĐỘNG LIGHTHOUSE,LHCDF,VNM,6.48%,6.95%,0.47%,0.47,CHANGED
,QUỸ ĐẦU TƯ BẢN VIỆT DISCOVERY,VCAMDF,BVB,3.23%,3.72%,0.49%,0.49,CHANGED
,QUỸ ĐẦU TƯ TĂNG TRƯỞNG DFVN,DCAF,ACB,6.84%,7.35%,0.51%,0.51,CHANGED
,QUỸ ĐẦU TƯ CỔ PHIẾU CỔ TỨC NĂNG ĐỘNG VINACAPITAL,VDEF,VIB,4.10%,4.62%,0.52%,0.52,CHANGED
,QUỸ ĐẦU TƯ CỔ PHIẾU HƯNG THỊNH VINACAPITAL,VEOF,MBB,7.91%,8.44%,0.53%,0.53,CHANGED
,QUỸ ĐẦU TƯ CỔ PHIẾU TẬP TRUNG CỔ TỨC DC,VFMVF4,VCB,3.72%,4.26%,0.54%,0.54,CHANGED
,QUỸ ĐẦU TƯ CỔ PHIẾU UNITED ESG VIỆT NAM,UVEEF,VIC,4.11%,4.67%,0.56%,0.56,CHANGED
,QUỸ ĐẦU TƯ CỔ PHIẾU CỔ TỨC TĂNG TRƯỞNG KIM,KDEF,CTG,4.77%,5.34%,0.57%,0.57,CHANGED
,QUỸ ĐẦU TƯ THU NHẬP CHỦ ĐỘNG VCBF,VCBFAIF,ACB,4.75%,5.33%,0.58%,0.58,CHANGED
,QUỸ ĐẦU TƯ CỔ PHIẾU NĂNG ĐỘNG BẢO VIỆT,BVFED,VPB,6.68%,7.28%,0.60%,0.6,CHANGED
,QUỸ ĐẦU TƯ CỔ PHIẾU ESG EASTSPRING INVESTMENTS VIỆT NAM,EVESG,ACB,7.62%,8.23%,0.61%,0.61,CHANGED
,QUỸ ĐẦU TƯ NĂNG ĐỘNG LIGHTHOUSE,LHCDF,HHS,2.99%,3.60%,0.61%,0.61,CHANGED
,QUỸ ĐẦU TƯ CỔ PHIẾU TĂNG TRƯỞNG BALLAD VIỆT NAM,TBLF,MWG,10.83%,11.45%,0.62%,0.62,CHANGED
,QUỸ ĐẦU TƯ CỔ PHIẾU KINH TẾ HIỆN ĐẠI VINACAPITAL,VMPF,BVH,4.30%,4.93%,0.63%,0.63,CHANGED
,QUỸ ĐẦU TƯ TĂNG TRƯỞNG THÀNH CÔNG,TCGF,VIB,15.35%,15.99%,0.64%,0.64,CHANGED
,QUỸ ĐẦU TƯ THỊNH VƯỢNG RỒNG VIỆT,RVPF24,ACB,8.39%,9.04%,0.65%,0.65,CHANGED
,QUỸ ĐẦU TƯ CỔ PHIẾU UNITED ESG VIỆT NAM,UVEEF,ACB,5.14%,5.79%,0.65%,0.65,CHANGED
,QUỸ ĐẦU TƯ TĂNG TRƯỞNG THÀNH CÔNG,TCGF,CTG,12.74%,13.40%,0.66%,0.66,CHANGED
,QUỸ ĐẦU TƯ THU NHẬP CHỦ ĐỘNG VCBF,VCBFAIF,MWG,2.91%,3.58%,0.67%,0.67,CHANGED
,QUỸ ĐẦU TƯ CỔ PHIẾU MANULIFE,MAFEQI,HPG,7.41%,8.09%,0.68%,0.68,CHANGED
,QUỸ ĐẦU TƯ THU NHẬP CHỦ ĐỘNG VCBF,VCBFAIF,HPG,3.36%,4.04%,0.68%,0.68,CHANGED
,QUỸ ĐẦU TƯ CỔ PHIẾU MANULIFE,MAFEQI,MBB,7.45%,8.15%,0.70%,0.7,CHANGED
,QUỸ ĐẦU TƯ CỔ PHIẾU CỔ TỨC NĂNG ĐỘNG VINACAPITAL,VDEF,MBB,8.95%,9.65%,0.70%,0.7,CHANGED
,QUỸ ĐẦU TƯ CHỨNG KHOÁN NĂNG ĐỘNG DC,VFMVF1,VIC,2.95%,3.67%,0.72%,0.72,CHANGED
,QUỸ ĐẦU TƯ NĂNG ĐỘNG LIGHTHOUSE,LHCDF,DBD,10.09%,10.82%,0.73%,0.73,CHANGED
,QUỸ ĐẦU TƯ CỔ PHIẾU TĂNG TRƯỞNG VCBF,VCBFMGF,MWG,3.96%,4.71%,0.75%,0.75,CHANGED
,QUỸ ĐẦU TƯ CỔ PHIẾU MANULIFE,MAFEQI,MWG,4.40%,5.21%,0.81%,0.81,CHANGED
,QUỸ ĐẦU TƯ CỔ PHIẾU MANULIFE,MAFEQI,CTG,9.37%,10.19%,0.82%,0.82,CHANGED
,QUỸ ĐẦU TƯ CỔ PHIẾU MANULIFE,MAFEQI,TCB,5.29%,6.11%,0.82%,0.82,CHANGED
,QUỸ ĐẦU TƯ CỔ PHIẾU TĂNG TRƯỞNG VCBF,VCBFMGF,ACB,4.11%,4.95%,0.84%,0.84,CHANGED
,QUỸ ĐẦU TƯ CỔ PHIẾU TĂNG TRƯỞNG MIRAE ASSET VIỆT NAM,MAGEF,MBB,5.54%,6.41%,0.87%,0.87,CHANGED
,QUỸ ĐẦU TƯ CỔ PHIẾU CỔ TỨC NĂNG ĐỘNG VINACAPITAL,VDEF,PVI,8.79%,9.68%,0.89%,0.89,CHANGED
,QUỸ ĐẦU TƯ TĂNG TRƯỞNG DFVN,DCAF,MBB,4.89%,5.80%,0.91%,0.91,CHANGED
,QUỸ ĐẦU TƯ CỔ PHIẾU MANULIFE,MAFEQI,SSI,4.36%,5.34%,0.98%,0.98,CHANGED
,QUỸ ĐẦU TƯ CỔ PHIẾU TĂNG TRƯỞNG MIRAE ASSET VIỆT NAM,MAGEF,VIC,4.46%,5.45%,0.99%,0.99,CHANGED
,QUỸ ĐẦU TƯ CỔ PHIẾU UNITED ESG VIỆT NAM,UVEEF,HPG,5.83%,6.86%,1.03%,1.03,CHANGED
,QUỸ ĐẦU TƯ CHỌN LỌC PHÚ HƯNG VIỆT NAM,PHVSF,VCB,3.06%,4.12%,1.06%,1.06,CHANGED
,QUỸ ĐẦU TƯ TĂNG TRƯỞNG DFVN,DCAF,VPB,5.19%,6.26%,1.07%,1.07,CHANGED
,QUỸ ĐẦU TƯ CHỌN LỌC PHÚ HƯNG VIỆT NAM,PHVSF,MBB,5.20%,6.28%,1.08%,1.08,CHANGED
,QUỸ ĐẦU TƯ CHỦ ĐỘNG VND,VNDAF,GAS,6.55%,7.65%,1.10%,1.1,CHANGED
,QUỸ ĐẦU TƯ THU NHẬP CHỦ ĐỘNG VCBF,VCBFAIF,MBB,5.14%,6.32%,1.18%,1.18,CHANGED
,QUỸ ĐẦU TƯ CỔ PHIẾU TẬP TRUNG CỔ TỨC DC,VFMVF4,TCB,5.46%,6.75%,1.29%,1.29,CHANGED
,QUỸ ĐẦU TƯ THỊNH VƯỢNG RỒNG VIỆT,RVPF24,MWG,5.01%,6.40%,1.39%,1.39,CHANGED
,QUỸ ĐẦU TƯ CỔ PHIẾU TĂNG TRƯỞNG BALLAD VIỆT NAM,TBLF,VIP,0.00%,1.48%,1.48%,1.48,NEW
,QUỸ ĐẦU TƯ CỔ PHIẾU TRIỂN VỌNG BẢO VIỆT,BVPF,MBB,6.14%,7.65%,1.51%,1.51,CHANGED
,QUỸ ĐẦU TƯ CỔ PHIẾU TẬP TRUNG CỔ TỨC DC,VFMVF4,VHM,5.84%,7.39%,1.55%,1.55,CHANGED
,QUỸ ĐẦU TƯ CỔ PHIẾU TRIỂN VỌNG BẢO VIỆT,BVPF,ACB,12.25%,13.81%,1.56%,1.56,CHANGED
,QUỸ ĐẦU TƯ CỔ PHIẾU HÀNG ĐẦU VCBF,VCBFBCF,MBB,8.93%,10.78%,1.85%,1.85,CHANGED
,QUỸ ĐẦU TƯ CỔ PHIẾU TĂNG TRƯỞNG BALLAD VIỆT NAM,TBLF,SAB,0.00%,1.86%,1.86%,1.86,NEW
,QUỸ ĐẦU TƯ LỢI THẾ CẠNH TRANH BỀN VỮNG SSI,SSISCA,MWG,4.34%,6.32%,1.98%,1.98,CHANGED
,QUỸ ĐẦU TƯ CỔ PHIẾU TĂNG TRƯỞNG VCBF,VCBFMGF,MBB,6.37%,8.37%,2.00%,2,CHANGED
,QUỸ ĐẦU TƯ CỔ PHIẾU CỔ TỨC NĂNG ĐỘNG VINACAPITAL,VDEF,GMD,4.10%,6.11%,2.01%,2.01,CHANGED
,QUỸ ĐẦU TƯ NĂNG ĐỘNG LIGHTHOUSE,LHCDF,NAB,12.94%,14.96%,2.02%,2.02,CHANGED
,QUỸ ĐẦU TƯ TĂNG TRƯỞNG BORDIER - MB FLAGSHIP,BMFF,CTG,0.00%,2.32%,2.32%,2.32,NEW
,QUỸ ĐẦU TƯ TĂNG TRƯỞNG BORDIER - MB FLAGSHIP,BMFF,IJC,0.00%,2.36%,2.36%,2.36,NEW
,QUỸ ĐẦU TƯ BẢN VIỆT DISCOVERY,VCAMDF,GMD,0.00%,2.42%,2.42%,2.42,NEW
,QUỸ ĐẦU TƯ BẢN VIỆT DISCOVERY,VCAMDF,KHG,0.00%,2.52%,2.52%,2.52,NEW
,QUỸ ĐẦU TƯ BẢN VIỆT DISCOVERY,VCAMDF,SCR,0.00%,2.52%,2.52%,2.52,NEW
,QUỸ ĐẦU TƯ CỔ PHIẾU KINH TẾ HIỆN ĐẠI VINACAPITAL,VMPF,VCB,4.71%,7.35%,2.64%,2.64,CHANGED
,QUỸ ĐẦU TƯ GIÁ TRỊ MB CAPITAL,MBVF,VEA,0.00%,2.71%,2.71%,2.71,NEW
,QUỸ ĐẦU TƯ CHỨNG KHOÁN NĂNG ĐỘNG DC,VFMVF1,SSI,0.00%,2.77%,2.77%,2.77,NEW
,QUỸ ĐẦU TƯ CỔ PHIẾU TĂNG TRƯỞNG BALLAD VIỆT NAM,TBLF,PLX,0.00%,2.89%,2.89%,2.89,NEW
,QUỸ ĐẦU TƯ CHỨNG KHOÁN NĂNG ĐỘNG DC,VFMVF1,VCB,0.00%,2.90%,2.90%,2.9,NEW
,QUỸ ĐẦU TƯ CHỌN LỌC PHÚ HƯNG VIỆT NAM,PHVSF,MWG,0.00%,2.99%,2.99%,2.99,NEW
,QUỸ ĐẦU TƯ CỔ PHIẾU TẬP TRUNG CỔ TỨC DC,VFMVF4,VIX,0.00%,3.08%,3.08%,3.08,NEW
,QUỸ ĐẦU TƯ BẢN VIỆT DISCOVERY,VCAMDF,MSB,0.00%,3.09%,3.09%,3.09,NEW
,QUỸ ĐẦU TƯ THỊNH VƯỢNG RỒNG VIỆT,RVPF24,KDH,5.82%,8.98%,3.16%,3.16,CHANGED
,QUỸ ĐẦU TƯ CỔ PHIẾU NĂNG ĐỘNG BẢO VIỆT,BVFED,HDG,0.00%,3.27%,3.27%,3.27,NEW
,QUỸ ĐẦU TƯ CỔ PHIẾU TĂNG TRƯỞNG VCBF,VCBFMGF,BVH,0.00%,3.30%,3.30%,3.3,NEW
,QUỸ ĐẦU TƯ CỔ PHIẾU TRIỂN VỌNG BẢO VIỆT,BVPF,PNJ,0.00%,3.35%,3.35%,3.35,NEW
,QUỸ ĐẦU TƯ TĂNG TRƯỞNG DÀI HẠN VIỆT NAM,VLGF,VIB,0.00%,3.36%,3.36%,3.36,NEW
,QUỸ ĐẦU TƯ CỔ PHIẾU TRIỂN VỌNG BẢO VIỆT,BVPF,VEA,0.00%,3.36%,3.36%,3.36,NEW
,QUỸ ĐẦU TƯ NĂNG ĐỘNG LIGHTHOUSE,LHCDF,NTP,0.00%,3.47%,3.47%,3.47,NEW
,QUỸ ĐẦU TƯ CỔ PHIẾU TĂNG TRƯỞNG BALLAD VIỆT NAM,TBLF,QNS,0.00%,3.49%,3.49%,3.49,NEW
,QUỸ ĐẦU TƯ CỔ PHIẾU TIẾP CẬN THỊ TRƯỜNG VINACAPITAL,VESAF,ACB,0.00%,3.56%,3.56%,3.56,NEW
,QUỸ ĐẦU TƯ CỔ PHIẾU CỔ TỨC TĂNG TRƯỞNG KIM,KDEF,STB,0.00%,3.58%,3.58%,3.58,NEW
,QUỸ ĐẦU TƯ THỊNH VƯỢNG RỒNG VIỆT,RVPF24,OCB,0.00%,3.73%,3.73%,3.73,NEW
,QUỸ ĐẦU TƯ CHỦ ĐỘNG VND,VNDAF,CTG,0.00%,3.82%,3.82%,3.82,NEW
,QUỸ ĐẦU TƯ BẢN VIỆT DISCOVERY,VCAMDF,MCH,0.00%,3.87%,3.87%,3.87,NEW
,QUỸ ĐẦU TƯ CỔ PHIẾU UNITED ESG VIỆT NAM,UVEEF,HDB,0.00%,3.91%,3.91%,3.91,NEW
,QUỸ ĐẦU TƯ CHỦ ĐỘNG VND,VNDAF,MSN,0.00%,3.94%,3.94%,3.94,NEW
,QUỸ ĐẦU TƯ CỔ PHIẾU CỔ TỨC NĂNG ĐỘNG VINACAPITAL,VDEF,QNS,0.00%,3.95%,3.95%,3.95,NEW
,QUỸ ĐẦU TƯ CỔ PHIẾU CỔ TỨC NĂNG ĐỘNG VINACAPITAL,VDEF,SSI,0.00%,3.95%,3.95%,3.95,NEW
,QUỸ ĐẦU TƯ LỢI THẾ CẠNH TRANH BỀN VỮNG SSI,SSISCA,GMD,0.00%,3.97%,3.97%,3.97,NEW
,QUỸ ĐẦU TƯ CỔ PHIẾU KINH TẾ HIỆN ĐẠI VINACAPITAL,VMPF,MWG,0.00%,4.08%,4.08%,4.08,NEW
,QUỸ ĐẦU TƯ CHỦ ĐỘNG VND,VNDAF,MWG,0.00%,4.08%,4.08%,4.08,NEW
,QUỸ ĐẦU TƯ LỢI THẾ CẠNH TRANH BỀN VỮNG SSI,SSISCA,KDH,0.00%,4.11%,4.11%,4.11,NEW
,QUỸ ĐẦU TƯ CỔ PHIẾU TIẾP CẬN THỊ TRƯỜNG VINACAPITAL,VESAF,GMD,0.00%,4.14%,4.14%,4.14,NEW
,QUỸ ĐẦU TƯ CỔ PHIẾU HƯNG THỊNH VINACAPITAL,VEOF,HDG,0.00%,4.15%,4.15%,4.15,NEW
,QUỸ ĐẦU TƯ CỔ PHIẾU CỔ TỨC TĂNG TRƯỞNG KIM,KDEF,HDB,0.00%,4.15%,4.15%,4.15,NEW
,QUỸ ĐẦU TƯ CỔ PHIẾU KINH TẾ HIỆN ĐẠI VINACAPITAL,VMPF,KDH,0.00%,4.17%,4.17%,4.17,NEW
,QUỸ ĐẦU TƯ TĂNG TRƯỞNG DFVN,DCAF,REE,0.00%,4.20%,4.20%,4.2,NEW
,QUỸ ĐẦU TƯ CỔ PHIẾU TẬP TRUNG CỔ TỨC DC,VFMVF4,VPB,3.59%,7.89%,4.30%,4.3,CHANGED
,QUỸ ĐẦU TƯ CỔ PHIẾU HƯNG THỊNH VINACAPITAL,VEOF,VCB,0.00%,4.33%,4.33%,4.33,NEW
,QUỸ ĐẦU TƯ NĂNG ĐỘNG LIGHTHOUSE,LHCDF,MWG,0.00%,4.33%,4.33%,4.33,NEW
,QUỸ ĐẦU TƯ BẢN VIỆT DISCOVERY,VCAMDF,VIC,0.00%,4.37%,4.37%,4.37,NEW
,QUỸ ĐẦU TƯ TĂNG TRƯỞNG THÀNH CÔNG,TCGF,PDR,0.00%,4.39%,4.39%,4.39,NEW
,QUỸ ĐẦU TƯ CỔ PHIẾU MANULIFE,MAFEQI,VCB,0.00%,4.41%,4.41%,4.41,NEW
,QUỸ ĐẦU TƯ CỔ PHIẾU TĂNG TRƯỞNG MIRAE ASSET VIỆT NAM,MAGEF,HDB,0.00%,4.42%,4.42%,4.42,NEW
,QUỸ ĐẦU TƯ CỔ PHIẾU ESG EASTSPRING INVESTMENTS VIỆT NAM,EVESG,MWG,0.00%,4.50%,4.50%,4.5,NEW
,QUỸ ĐẦU TƯ CỔ PHIẾU TRIỂN VỌNG BẢO VIỆT,BVPF,MWG,0.00%,4.55%,4.55%,4.55,NEW
,QUỸ ĐẦU TƯ CỔ PHIẾU UNITED ESG VIỆT NAM,UVEEF,MWG,0.00%,4.56%,4.56%,4.56,NEW
,QUỸ ĐẦU TƯ BẢN VIỆT DISCOVERY,VCAMDF,VHM,0.00%,4.57%,4.57%,4.57,NEW
,QUỸ ĐẦU TƯ CỔ PHIẾU ESG EASTSPRING INVESTMENTS VIỆT NAM,EVESG,GMD,0.00%,4.63%,4.63%,4.63,NEW
,QUỸ ĐẦU TƯ TĂNG TRƯỞNG DÀI HẠN VIỆT NAM,VLGF,MWG,13.21%,17.87%,4.66%,4.66,CHANGED
,QUỸ ĐẦU TƯ CỔ PHIẾU MANULIFE,MAFEQI,ACB,0.00%,4.72%,4.72%,4.72,NEW
,QUỸ ĐẦU TƯ THỊNH VƯỢNG RỒNG VIỆT,RVPF24,DIG,0.00%,4.78%,4.78%,4.78,NEW
,QUỸ ĐẦU TƯ CHỨNG KHOÁN NĂNG ĐỘNG DC,VFMVF1,VPB,2.68%,7.58%,4.90%,4.9,CHANGED
,QUỸ ĐẦU TƯ CHỦ ĐỘNG VND,VNDAF,ACB,0.00%,4.94%,4.94%,4.94,NEW
,QUỸ ĐẦU TƯ TĂNG TRƯỞNG THÀNH CÔNG,TCGF,KDH,0.00%,5.02%,5.02%,5.02,NEW
,QUỸ ĐẦU TƯ TĂNG TRƯỞNG THÀNH CÔNG,TCGF,MSN,0.00%,6.11%,6.11%,6.11,NEW